FileName,Code
2d1d325702b14156a20df218600cc00c.jpg,1
2e6742fc40824807ab1270ae7dfdf64d.jpg,1
b59e9c0d674e45449120ffd09344c01b.jpg,1
6eab8d8a81174e589ddd812fa78a1239.jpg,1
dc4c04b96ce44436a3ae78577cc5f252.jpg,2
0339074571b34c59b2d740add9b37553.jpg,2
a08abb3db9af42778c0f7c54e1d902d8.png,2;13
fdf00768241a489e8e57e655db4dbbbc.jpg,2
c748f1d69483448d9f5761e91b40d597.jpg,2
953e8c259b5243b79151a16a49b0e518.jpg,2
d6c34baf547846cfab8f574e68519b18.jpg,2
2cfa0428a5fa416f94fd90bfa897e3e9.jpg,2
3f708a459a704711854bc7753386d2cb.jpg,2
99cd1e947b864be987da6c7539c082f7.jpg,2
65f971c7ce944b389eca38779bc37cf9.jpg,2
9cf6f722dcba43e3bd9c2d52b1e914c3.jpg,2
04ee1222854b4bb08746b16cc75d980f.jpg,2
81a1fd637b18468eae1f4e3929a7f169.jpg,2
2345eeac5a7d43bba259020e6754bd83.jpg,2
413b01e63605475a840856dd1515b7f3.jpg,2
fc1f75691ae0439898601073f29d0f50.png,2
aac21140d1f3435993a0e8e0df2a81e8.jpg,2
b4808495c83842549d4130c1cfea4112.jpg,2
befd6a1165fe4395bc168b18e00010ff.jpg,2;10
6709936b7b5748b2863c60422826e889.jpg,2
bf588e3b168946c7988a22277b1470fd.jpg,2;18
2b5c0bf318ff48dd80b5fcb3f71bfa8f.jpg,2
3e99d1e682f3444f9a119c7b40b05df1.jpg,2
5490572c630743bf8d014089cb5e50ea.jpg,2;10
c5e0f0ea1cdd474da37b56ea982d8db9.jpg,2
bc3322e257f64edc94364b1160774a46.jpg,2
9c9204ac04684b78ac1329986cf77808.jpg,2
0d32da5507d843d08227b53fcb5c4f5f.jpg,2
28c4530db23b412f9e74b89af98d9d55.jpg,2
67f402fe459145bfae8d4ea6c88b1b4c.jpg,2
3841315dea3944d6a260aabb95fbf4fa.jpg,2
fe55be25e738459195aca76d818134ab.jpg,2
d1b12c872f41431ba647e721f0e1154b.jpg,2
8fa6c2971c104df995e4eb8705bf3d8d.jpg,2
db97ce8331954870b0a03a4a115dfa33.jpg,2
1e1a3be2a76d434b887d6224536b28c4.png,2
99f9d9fa10d0438dbbd37dafa3de4627.jpg,2
a08d23f96fb24662a09735e1a8cab5ab.jpg,2
9d8c74ca19774626a583cbc239ebc3fc.jpg,2
3b43713375144646ae78439477be2110.png,2
e8cb33b4e27d4126a83aab1ee1fc4425.jpg,2
5e3894fcd3d94d7fabf21b186eb22cb7.jpg,2;11
08ed477344c04a53914acbc9d56bfe88.jpg,2
da63ca495abd4a908fe3f0074fe26f3f.jpg,2
4aecbef9f00c42348d1ca064f5df0e74.jpg,2
97896f3c9b33401ea0ad768500b0a476.jpg,2
f774ef035254423f924cc485fde24762.jpg,2
62e63dcbc5164a28bdcc1406f1230de5.jpg,2
bb993ce792c74025a2e71a614a677bec.jpg,2
0b699c55b47249ffbafd200b8f799556.jpg,2
f69a1a2f8125474ea5680ab8bceb4ca2.jpg,2
257201d174324872829fa1e207693b6b.jpg,2
aa8067f6a02e412290ad660800e34980.jpg,2
8c25056d8d0247aea9bf28f59f782620.jpg,2
5c344bf17e4c4f9fb0be48017b0fe164.jpg,2
ece9fe7aa5634b61b6fc6cf01617182d.jpg,2
111621f8c78c4b219895b351d1e7042a.jpg,2
2f0b1823663a4070bf85f48e2ed481f9.jpg,2
d8829e74ea744202bd70e7e06646b8c9.jpg,2
793c650cbcbf475c99ad47b9a73ef9ec.jpg,2
66ffa0473fdc42d7ac31cec8b0afe51b.jpg,2
948cb509ac6c4fdb90c8969fd078bea1.jpg,2
6fa09dc117c24939bddae43fefb128f4.jpg,2
83ef19e01d644215b2faee4814e7d77e.png,2
13651401dfa045debec05e3e6cf7f2dd.jpg,2
d5c9c91b3b7f48c28eac30aa6cc93d30.jpg,2
f65a6623bcc349ef9ca7bee26a8e4606.jpg,2
3360d2e40dc04c87919b2af391842f32.jpg,2;10
5386ded1d2904435aa1dea73c144e9ca.jpg,2
4616e359c21d4415965b4b60ea12330f.jpg,2
ef5c11493cf54e44870fce307d37aa43.jpg,2
70cbde81e62547e8ad32f796261cdd69.jpg,2;18
3e3bcff0463a4d46ac092ec7b26549c9.jpg,2
9f0d590e7723475f864f95642121eebb.jpg,2;10
4009b237da6241ccb7f6c4ab7feaa08a.jpg,2
5bc3f1f8df9d4ee38e0cd023f038ca5f.jpg,2
5987bcca391e4670977fa41005c07cbb.jpg,2
32a0d97c68b04cd4b1aaaddeb76a2d33.jpg,2
ccbfa51a5d664754a49bf30610e2acc6.jpg,2
73bf5d1c637b4cbfa2d77935025e0f1e.png,2
bab1d4d22c7a49cbb1bbac9603ed9925.jpg,2
876dc885dd6f40ca8beac2069cf89db0.jpg,2;10
3eff0147eeff4568917646ca3b4bea0d.jpg,2
83d7c17b83cb407aa555ed727da26a64.jpg,2
a40dbc9f96c6415fb94f397d3416f4e6.jpg,2
d7f7fe6ed2f84f328ad48b1c9cd10377.jpg,2
1ffd9510d37a4111a0e70ab348b8bb5b.jpg,2
955baad29ac34b588f7d08b3a8e2dd02.png,2
e353e8822ed746e7ab92687cb90f3307.jpg,2
83890bd496ae4e93865c6f00c834b1ef.jpg,2
044e349efa4d4e6da8b1feb9535dbf73.jpg,2
f5f46c0e4e064c9ab43ad0c71f2e8942.jpg,2
2c6ddc7bd65c437496048b8e42a7d492.jpg,2
74db60aee3e54ad2b4fdd45bd8463fc4.jpg,2
04a79bccdcc34d58abedbd776b2fcffc.jpg,2;10
df305e98102d4f6a9958234d382d7e75.png,2
c5a88e248ef348e782334d7362fc9b19.png,2
498d3069a6104c80bcd12de85ec4b820.jpg,2
801bfe29ab86402fa608b81edc2b45bf.jpg,2
26524663d12c4f2db48b68170cf71bf8.jpg,2
a095062f22e1407b949393bf07d0b612.jpg,2
76ab0583e2c4449e83f024e30b047f2b.jpg,2
05c4e98642874de3a1be80218436bc8c.png,2
f2e7db7232b34b1e9029428c3641eff8.jpg,2
dc586e9b52c2441a914283a730359a67.jpg,2
225861ac60bb4b5f8051e79907320453.jpg,2
67b077e3f6d0459f97f6f11e6289ee75.jpg,2
2ad221c08e2a4a149b0cdc583990dcc4.jpg,2
72576fc295884fa6b05584d97d24ec72.jpg,2
68c25f306b41468ca7c2b9ca39b9882e.jpg,2
d635bde90b2d4561a17abb76a584acc5.jpg,2
e297d4ccf85c437ebb7152fdd5d4869f.jpg,2
8b3e90e8c2b04d698968741e24d65406.jpg,2
b7dccb7d7faa4dc99a1c7267ff9ac72c.jpg,2;15
91a181f97d394a91bda8b66ef55ea994.jpg,2
1c8c88c21dec4f219784e9dea73cff67.jpg,2
320b8ca920154443a2d92cedbfc87fe0.jpg,2
e525a1eb096b4967872d6798458b535f.jpg,2;25
d177a34ee38c4d049f6333f37cc24ddd.jpg,2
1db369ed99d14500b5eb52f843e4f389.jpg,2
7a1850eccea74a84bcb9a9ea16eb220f.jpg,2
74f6ee97494b44e9afc42157216745f6.jpg,2
502d88ad31c04e829de544ed206c0161.jpg,2;10
27778324d98e4db18281696381876db7.jpg,2
d00ae2d618ff464f8dbb8b838d761b99.jpg,2
88da76d3ff61417c93a40219c372b1d3.jpg,2
463a1aa432694f06950e2c946928befc.jpg,2
5aab7dbdd233412ba61a2e2d69e173ca.jpg,2
60ba47f543694c108074c077c3290e6c.png,2
b718fab228934dff9a8622410869fc17.jpg,2
01514e38ef1947a1ba7bf302e1d382f3.jpg,2
3397913d3991438089c4148cee19f1cd.jpg,2
c3968b4e6f6c4ee0be43f0cb072c7c8f.jpg,2
a126cc04e7d14d0eb53d7f759276b436.jpg,2
175b9059f223487c909a5c11f176b81a.jpg,2
365f9bf933b84b9faf3def2551b6c53f.jpg,2
85996a35867845b094e375cdca69d59e.jpg,2
a4ec1e9d3bc24be081304dbd48be9c32.jpg,2
4b9dbe9ad008458d821965ede1486380.jpg,2
70a4ec7d734c493c80a07e1bec20be9c.jpg,2
459b6986c36a4480b96b5941d98da640.jpg,2
e336102d4929481eaddc06ead33a558d.jpg,2
a344fdfa98994efaaf77e993252312cf.jpg,2
ab53309e8f4542969ef6e608d571831c.jpg,2
e66b919ec0f34795899ce6abdeb6a910.jpg,2
b26b1153aac24bceaefef1bc45a1b447.jpg,2
9ed2e6b34f18488fba7c9361f1ea0eeb.png,2
edfcc76ed9a54134bf1591960e878071.jpg,2
ef0585b1f0894f0d95747cc985fc9695.jpg,2;10
34ee4bc75924459897adc0c489a99abc.jpg,2
4874a8785031498eb50f3897d41db116.jpg,2
82091622ac74449b9bfc60c0d8e9663e.jpg,2
47ab94f8fd5943cca71aac37beda5881.jpg,2
d4a77ac43a654e58af95da8abf9b818b.png,2
0295f218394b407eae09b6dbc1547f62.jpg,2
2f0deee76e13487e844fbe617821b9e5.jpg,2
1f1d6dcadd214f589f75e2205050e703.jpg,2
fd332ff424914a2daad4ea7985ec714d.jpg,2
5796fda6af52455489ccd0e98e51d51a.png,2
b166414615a34b378bba355d75dc47e3.jpg,2
991c6d05c4be41009eadab0f73582bad.jpg,2
15312410b40741f29b2877eb9ca4fec1.jpg,2
7a1d8fb015074d71b5257c06231946a0.jpg,2
bdb3efd2f9cc465391a2eec999dc590e.jpg,2
43cb3d06d1524642bd9671415bf0c9ad.jpg,2
86157a3325184b6699382f124a904115.jpg,2
b7467b5b630a4984aeea3a5a2881159f.png,2
6aaab194ea5e440ba24c41d3fe84c9f3.jpg,2
ca35f92d2e184010a2d25eace8ab3098.jpg,2
c74178b9a71340bc93b797fb71c8e434.jpg,2
c8f515f47e474227aca9a2c7e7a05c8e.jpg,2
a18bb60dee834fdd8845e4757d5041df.jpg,2
4a65d01f813a4b70abfc542097ca75c7.jpg,2
3772896c34294e2f8a2ec6b48e80d56f.jpg,2
4c7e1f3cc96643ebb473b82df602eab9.jpg,2
c023a739b11f4747a10924115047f71f.png,2
1f70ba76dafb4c03997b766d266c1c76.jpg,2
b1082dabd96d448cbcdfb701986195cb.jpg,2
65de243dd42d4c6298727c0593ad1286.jpg,2
d85aa2342638416fb25ff78dce2e258e.png,2
60373820fc4245a9a60fa2cf08d0bdeb.jpg,2
b263892e380c4b4b8806a0aa9487b7e9.jpg,2
9fe4f0d00b3a48cfa56d7fd285d08c9a.jpg,2
1c39543aadc64f9a9e161ccb861d27bb.jpg,2
17061441767f49c0bf2f52bd46647c40.jpg,2
73c57e362d9d457eb45de00d530604c4.jpg,2
2c7b8f63e0e24eec866c5dceceeaf96a.jpg,2
38f1c22dd4924c7eab311132524550e5.jpg,2
807047d26b5d4fe18789e19fdffbe667.jpg,2;10
055af81b61a44dc49b444a5b6a920139.jpg,2
e58367c18b0f4b8889bf763543f52bd6.jpg,2
1edb4530de284e8fb8c0e763485ea58b.jpg,2
e50babf94d484be8b2fe5757caac5a57.jpg,2
4faff33db9884be590b45a8752767868.jpg,2
0746ac15310e4d87a93ea99f1f28c774.jpg,2
06bd08fc13d346f18a5f7d58c27a0c93.jpg,2
a9e1fd8b830a42338c4599397fa45a0a.jpg,2
3f75ed1f84364510b4dfbe5113b3ea8e.jpg,2
e3629a1cb0634582987d7d42c60d0c4b.jpg,2
08f66d8d102a49fa85f66d63efbcc8bb.jpg,2
5a39e1d9a5dd4429ba4cc477f339b4f3.jpg,2
c62b7007196844d5af82fa2137798585.jpg,3
e261bddb354241d296975caf100ee7eb.jpg,3
5c8832e81c86482ab2e35e009fcf79ed.jpg,4
f266d7fc0277471fb7d62069b502ebf5.png,4;10;18;18
90882507424345daa7cb7f4a03e69da6.png,4
0ac11313af914c6b87ae1af01f44b6ea.jpg,4
3acd2a3d171044dcb0f08ec42d18f4e7.jpg,4
8db1c38e21924f1bb62cae136d082d4c.jpg,4
ea7803f70f7f448893c661b0da596e1c.jpg,4
93bf6a20ac0e494283e0d7665129c3be.jpg,4;18
698766041c574fd694ba940424acab8e.jpg,4
eac23595b539409f94f2c170ede5d3e6.jpg,4
22ddf02d007f46d391248b31f15aae77.jpg,4
0af8b765fd8b4b4bad0c699749c20412.jpg,5
d0dd11bed2104b18a83679266dca8758.jpg,5
b0175539162449868382c49654ae4d10.jpg,5
663c725e7cc74e5a927449b56378d620.jpg,5
968d57ac229a45c9bbf095659c1cf537.jpg,5
64a8deb37f664a20a90b2dd669b8b3a5.jpg,5
7702eccfd78e403d8db03b57dc53a3cb.png,5
3955ce930eed41b4acb204e63ef7f267.png,5
2483b69b8c744adf9b49da8f8643d625.jpg,5
68b88c02231d4032b74b0230e0895885.jpg,5
aa91e4b00a234c34a9cdf9010fbf9ae0.jpg,5
64c2073d907944b5bb7f5f22c8adf34c.png,6
2f23c114464e4099a6961e83626b12df.jpg,7
590a5651965a46959882ba061162aae0.png,7
5c8b4b8d621e40b188d427b0451ea6c4.jpg,7
dc69e242f3a746ad95762e49733b2d13.jpg,7
31e84b71198f4b52b1c2a0bc047f6547.jpg,7
1ddfcfdb0de040f1997fd7577bc55f94.png,7
4d1c67d9b1124ba88b3fb1dc0f1f6627.jpg,7
31faaf35cad747a3a6118fa3e1c2694b.jpg,7
606e7cc73f47444691faf8383784c0f4.jpg,7;27
33ee3fafa28e4d9f821274170907c7a1.jpg,7;23
590c44d2f2c44576aa3c98cb322fede7.png,7
0942c6660fd7458f9cf6a7c9a7b3c82a.png,7
0c8fee9a1ef94aaeb98d6ad9e314e542.png,7
50fd388023cb4776b8612f3a12b1af2d.jpg,7
8f8d963d615447a58af814d35d934d09.png,7
4e512e7e7372475cbe46311150716bd4.jpg,7;18
7ad7f5541ba64e3097806776d179dd0a.png,7
12bb4d7ce7b44ca09a8070d570e48ed6.jpg,7
18ddf5fcafaa4340bd87910e5b828b05.jpg,8
d19b0b3862384fddb010be8dd8d276e9.jpg,8
e6bc64b3525441e88b7b469b11edeec0.jpg,8
312c59d986f047ad82e5b387e9c9f76c.jpg,8
5aa7f62978f740bfa92de57caef58bc0.png,8
f12bb4e065c1486691856b2f0fd9ede8.jpg,8
de53e7653907413babaa6177de10ede4.jpg,8
716568a031cd49e4a22407a213ce2f75.jpg,8
d5e8e90cdddb427295b150f069a92b49.jpg,8
2454f548c6e64dda82709ae6022fd742.jpg,8;17
ab80d16921fa470f92043f8b874bd501.jpg,8
0a5410894424499b83e9fbc80379bb24.jpg,8
934a0623da20432fa98bcc1737302744.jpg,8;17
865fbefd2a3f4d09b3c0015d124a63b1.jpg,8
6f9f3f1f17fc407cadae36483cd7f3b2.png,8
3d7eb1a31bd44bea9194e623973f494d.png,8
18d2d1592f0f43a4a9562aff12a90f97.png,8
fde458d78a834402901483595f4f3f7e.jpg,8
669c334ba2ad4a7ca5130502644c872d.png,8
b43df280031b4608963f67f44f95e795.jpg,8
cbee6e3746c84b6ca213f7113d2f1111.jpg,8
9866435efbde452093fb8a45be2a3ef1.jpg,8
0657e030f98948f5af363f6b25d03a5a.png,8
3039ff83884a4bb58feccf8d2ee36450.jpg,8;17
6638973bc0e34eec8a550717f897521f.png,8
c77b99bd133e4e7f8b3d053766f8b816.png,8
7cfe08638a214b2391b8179d9dc7c2aa.jpg,8;17
8b81f3199a9b424c9d7deddc28860212.png,8
e3a82cfcffd34ebd872dca1bcf5a4922.jpg,8
04f1c13a7b534a18af93931641c10b25.png,8
1d8d6245f190466fbed294f9df6cd612.png,8
e22a05f07335429f89b2d9b5b528216b.jpg,8
a669c0486e674be8b7449543baaf3a61.jpg,8;17
6959fcdf3f274c6bab63add45ae25d9b.jpg,8
524a6a9fd2ca40e3be85ba1a4c16314f.jpg,8;18
799ff01981974f5485c9d5f5dfd61602.png,9
ab1b5ebba5f147f2b79f371502d5c211.png,10
8990afdf24ec411182ed991a2fadfcff.jpg,10
dfd7c8377459498eb072f530caeb0f96.jpg,10
b7990480c8c94094a3deeb4a8b8a8075.jpg,10
bae872da8041411c8655b4e7400ea057.png,10
fc0c3ee257524f44b097f65d407b6bbd.png,10
af4f5698715143979f908328d4366818.jpg,10
fe08819d2cb94eba9d0c330be4b73733.jpg,10
b2ffd46b9b8c40a9bda7380a7603a6cb.jpg,10
88b718d0a6314fc5a621ce2b26e68f10.jpg,10
2a10e09e6182466ab4ae3446d6b7f19c.jpg,10
353f5772ba114029aa5b8d319290a43e.jpg,10
68e1dec5725d4f0099247aed7c9a25ba.jpg,10
301905f9993c44639139115df70903bb.jpg,10
7952419e05b04257829a8426ef575eab.jpg,10
d5481dc4e18f445c89216a113a9d0a49.png,10
e4aec3165ba04ee4bb45689a1b300702.jpg,10
794e8a233a1842d0b626ca95ffe7e714.jpg,10;20
b9a6822a9ed346cbbf254e1c104dc741.jpg,10
7ab4bea224cc48b986908f1b49082c89.jpg,10;10;18
59dbec65a3e74d1ca09da0a321deab9e.jpg,10
eac954c617a3491ebb94896a8bb77451.jpg,10;20
6eadc590074d454c84e8ee365384a977.jpg,10
b52a66b35a3b4d9f8004155a2563ae40.png,10
4e1f0b2a47874be4b3181adfa3907ec3.png,10;18
5dcf65e681f6479483a386a7bcc88d2d.jpg,10
8aeebbd929284f28a24610055c6463b4.jpg,10
29cef186b02d4393a0b0e5fdec7d89f3.jpg,10
8173c7f4e22a4ad3ac932cfb07b0cd3a.png,10
551fd9f91449456eacd7baf249252c4e.png,10
01b3ed433b9a4a07b90cdf383b7270f9.jpg,10
f0300a58bcc64895941931e17c797bab.jpg,10
bf5603307afc4e18a577a498c9612f94.jpg,10
c08e81a39c68442290c7e14d656caf20.jpg,10
7e43b01826504563b93168edb239e113.jpg,10
ecd88691c9d74679a8657183f0cf92b1.jpg,10;20
4d6d34e3003644b7a3dd98f31d174a26.jpg,10
b2c293fcfeb444909a174176047ff0ea.png,10
cd06f1a3ce154158992816a3a2c13da5.jpg,10
4c621f3aedab4823adcefedb80e75f5f.jpg,10
e03ca3cc91534172bd3b9aa59b58f93c.jpg,10
773f06774516437e82b61096b1ac9105.jpg,10
1dcafaefa698458aaa295a63b7771e97.png,10
13d1e25b384648d0ac92ff4856bcda3b.jpg,10
a62c9cf616394213ae87fa6ca754223d.jpg,10
64a580af5173405594f83f4b6a794dba.jpg,10
a17355adc3d1491ea0add7f8f872429c.jpg,10
43f9765a28444587a3bcadc77689ee55.png,10
b89c1eb81bbe4becb38ff7e919882b3f.png,10
8ed47d3a751448e3ac6d052248f1bd74.jpg,10
c277608439d340d6a2acf4e62a05be1d.png,10
8bbdfa948d594783bc5a694110940de6.jpg,10
b665e6d916084d41aa8f839e5aace87f.jpg,10
7e1ff9a66f3f42588fc437e88878506f.png,10
4b1d00621d0e43f38804a29eb289b1fd.jpg,10
54b8b37155464f9c94cea09ac54bdc9e.jpg,10
659cdbf132084ac08ea002ca5a0b2f80.png,10
c7169e70345042bd89882f06f4d6c7b6.jpg,10
5ae3e500879b454ca116bda28ae518db.jpg,10
2577db3bd52d4cf08e75fde7cda5c1f5.jpg,10
1fedca9b05fa4c20babe9f82c63e34ba.jpg,10
64e381e65a8a466490d7db3185e78ec5.png,10
48bba79b89dc4115b17cc683f066dda3.jpg,10
8dc929d3b5d741c4801aac88d8a879f1.jpg,10
089ffa4622a943f4bee7410b6ddb5888.jpg,10
c3b6782cafea4b73a137f8ee02875601.jpg,10
f84d3aeea01b4e0c9e2215c1a2e046c2.jpg,10;18
19985a5dbd8c4e129240ee32c18c2a6f.jpg,10
0aa1931fab16466fa8daa79c9a02783e.png,10
25947e8c9fb04b35971e06e137578b73.png,10
4c2fc3d90b95411f9c3273b58485ed6e.jpg,10
e097cb29a5bb43fd8ae8383ccd2a3e76.jpg,10
8b67762faae640718b605356c71b20e1.png,10
4cf70b4c0f4743bbb29626644017869a.jpg,10
e6021b198b454f2b8dce0034df1649df.jpg,10
ed85edbeb97c4b3c9bacc81e96268328.jpg,10
7833fa95f44f4384801b8bda47194aeb.png,10
394cb34ecf3e4bb5a4a9d6d766c6bd1e.jpg,10
8ee79ef17549495ca08b7f42c9dde9be.jpg,10
e9e230fb4f5e4758b535299726895820.jpg,10
0e029c7fc02743119cd064ddca6fbdab.jpg,10
2b0175ea78fb4b9ea5e3e28ad5f71f72.jpg,10
5e924260d71644809e5644e2f2af7309.jpg,10
33bea45a3a904dfd8f6f99a8dd2e2367.jpg,10
ec8a11c607264de79a838738e83cd9bd.jpg,10
8814baf1e5f942d69ad0df2b94e9632e.png,10
610c5b2affaa4c96aaa9d6876ee9f99e.jpg,10
bbe648fde27243a9acb09e51d3550af8.jpg,10
945534e25e864032885786ee9de141c6.jpg,10
9f6ecd7c2b9240758ca0618755206cc5.jpg,10
1caa07fa23284fa8a8e60b3ed3f362c1.jpg,10
c501b2524a874e4a843a8dec462a701a.jpg,10;23
884a89b3c2c544adb52360d5569c6d35.jpg,10
5606f1e77ab947dba4a9cc148b17faa7.jpg,10;20
b3f107fb2f4547099ed871d41d3e17fd.jpg,10;18
1107025d765e447bb0d4602dd4d97fbf.jpg,10
60edf8e589a044b5868b00b9c184b271.jpg,10
0b541de1ce984e7a9d7cf3aedadaffc5.jpg,10
ca19e8f45fa3422a9f99f31402661cd5.jpg,10
1617f31fc24a4721a565b07fec1ce514.jpg,10;18;20
4365e9b651994c8a9d2743de2383fc8d.jpg,10
33a493ac02ae419aa834153cc852ba21.jpg,10
41f5d7ea727d44ea88278612d21b686d.jpg,10
36f33b0165ec439897383b8f61e17286.jpg,10;13
4483e561107444faadc3727e44ba0b91.jpg,10
9a054657fb384e358dd0858c4763a022.jpg,10
28115d098be842bda859a97ebaa3de8d.jpg,10;18;18
7485fa0547f149aea81ae07d388715d1.png,10
23a63983932a4c0e8fd916374df8ed28.jpg,10
c6f50e129a054673b8e7f354e18575e6.jpg,10;18;20
0173ed2329984ad5beb10d400d754992.jpg,10
f9c4cd26b3c24292a559ae329af94af0.jpg,10
19d6b7a0530b4afc9802300d38579832.jpg,10
d2aee6aaea924e00b444d09ca633acf4.jpg,10
80c67f7146b94d45866f92a615174d05.png,10
201f3d25d667414e88172a240f52f700.jpg,10
c5388d2cca774eafab8727ee5d3ea9ba.jpg,10;20
23cb013cb2994f6ba5527a2eb3d06bc3.jpg,10;18
9b0e35973f8d454eab1fb3be724f73c2.jpg,10
dca8123d7cee43d5a5dee677ebbc3840.jpg,10
c3754e506cdd4b66ba02f57d6a9f52fa.jpg,10;18
96edea1ddd9243669a17839803109e00.jpg,10
0f3a44e5eff34cc1994ea78631582132.jpg,10
7bf7f9ef510d49a29a12de69474a160f.jpg,10
b3cbcd22fa954ba9a5dd045bbcdc4422.jpg,10
fa2539dddbd04aa1967f1b146789a747.jpg,10
af4e7181e49049f2a0796401c9797975.jpg,10
ac46ccf162e64363bce0ec97d85dca44.jpg,10
303cc9c20ea146d989d4115b702879d6.jpg,10
6f4475d23c2a45aea5a443c3f3853408.jpg,10
eea9c609ec7c4c2e8c9fb76f8052a9fe.jpg,10
2cc86eb4dc194bd88af79cccc1e8625d.jpg,10
4e537979ffa045469cf4d5301b09cfe4.jpg,10
89327f51f1e540649f7e174a6a46790b.jpg,10
2b0217cfc3d24369b184e21b50ab0f36.jpg,10
c9e12833dd6348be90ffd7a51fdecc5a.jpg,10
93e11bbb46b7466e9205ff95cd3047fa.png,10
ffdc74b4ca944152ba097178cdbcf822.jpg,10
3123f31377b049939e5c222a74ffa28d.jpg,10
18a2d67e080743f89c81719dda1b388f.jpg,10
69aeec1437c94fceb6108d60b8222000.png,10
c08c0a59738f445f8d984e3e3eb098d3.jpg,10
603c9749a42b4745b5ad18fc4f949063.jpg,10
3e2ce1406f8e448c956cfd14f007cd08.jpg,10;27
a4f539e4a30a4014a1d63cb39e47e724.jpg,10
9571c48708e0449984773d3cec82e75f.jpg,10
1a1fc44fc7ef4c5b9341647a2d8afee7.jpg,10
0279b38089754ac6be8981b2cb00bab3.jpg,10
3f818737e30a41c78a66f794c0148816.jpg,10
66d89d7f9e544c31a1192726e3584dd8.jpg,10;18
4a122ad387244a8fbba4ba6517869064.jpg,10
01f69025f5764e9b9ab183fb3366075a.jpg,10
05b053bf9f22481aa9a2fd8981c7a269.jpg,10
2c5bb041d869484099c776f9fdce7c1b.jpg,10
2213f0b2ea3844ce94bcf48402f95390.jpg,10
f22f909830314fe885bc79462b6abdfc.png,10
8f864170849b4e83aaf56ba3e327282b.png,10
f1d818e8c8654d998a2bdb33873a3905.jpg,10
9f175ba4fdb047fa86a522bba24a809d.jpg,10
56c32a5497c5473cbb138b7fcb2752d3.jpg,10
201a968c392748098d0af280987e4c09.jpg,10
4209294edff0487884eec2dc4ec51aa0.jpg,10;18
e43e6d3e8495466cabdd1849bfbb247d.jpg,10;20
255867e10b00493f8d0356c85f1379e9.png,11;20
ea572156ab8b426f98f05ba1bbbb6695.jpg,11
582fc4b14e2146a6a328c559c2e2cab2.png,11
dcaf3401999e4560bee0504369af0a0c.jpg,11
7c3b58d0012943338314734cf8552b1d.jpg,11
9d523c212afb4a038f77927b67663fef.png,11
3cdd014723e245eba569ccce591f279b.jpg,11
0f5747f86a714ba5b53a5a8cd04b2e5a.png,11
78dac64b2d7c4a5d9f4cd5f244b83d27.png,11
c2228a0043fa4e31a35e3b4797ba5c80.png,11
20c787a4425c442381ae797e0466445c.jpg,11
cb2ca55d9d0f4167a9f2384b8ee634a1.jpg,11
7552297f9d98490db140bf30e96e0ca3.jpg,11
54c3cf03ed5f47129417f49843bfb1a2.png,11
ab5ab12394924fa1be44da1172c1b78b.jpg,11;18
a435334c07fa40c2b41faebf1bf90f09.png,11
48cb188cb93a426c8ec80e6e5ab511df.png,12
93653241edc349aab659ff13dc505fcb.jpg,13
7514a752f8044040bcbd04f05f4f01b5.jpg,13
2efbb17f62eb4163aa5a103eea2e4162.jpg,13
43b759d18b1144c7b346d7a60b490a80.jpg,13
36f079701c1b4a3db31da360273dffd9.jpg,13
63adc92f9c50494da83ca36c0aa90d45.jpg,13
5f61136b9f2e4a03bb461c9ae533f69a.png,13
64f38e7cc8f5456bbc8bd9472828c34e.png,14
22e2e10127b4499abbaf2858eb1dfa07.jpg,14
fdcfa15057a14cd9919b47abd8cb219d.png,14
bab77ce924b44324a337d2f741eed9c0.jpg,15
5081e6cfbcde4bc6857e9937a592f558.jpg,15;18
7e9030007f7c431ba1c09fd69eaa7e59.png,15
887a5b0aee174c978eae661d332b2172.png,15
363a2c48cc874fea8aa7732414cc8667.jpg,15
8e135e8f30d846359d2572c1581173aa.png,15
be2eb721bda444f595a2ef6987f9a5a2.png,15
738cde81541f43d593749b327e135a6f.jpg,15
f0d26f93b0674d6f95391f90563f1b52.jpg,15
eedfe685cc6a4d53b87f86b47330995f.png,15;18
f9b2ae19f7b5468582b5a8f978e73ccc.png,15
ca5a21f39ea341ac97c491df895840ba.jpg,15
b3b83c886f704f6b88a5a89b851d32e9.png,15
eaa82c401b644b72a03784fd8491de3a.png,15
229dc0a36f03480c88c9be586e0d81c5.png,15
3b117c0c173349d9b3f8a51b83272914.png,15
18d0cbf37e894f1e8e686159533d6503.jpg,15
c67469d602e149d09d06ccf8b50e8664.jpg,15
4d03766573ad4ec9a96e7efa20d4a631.jpg,15
59235a9043bd4a5fb273e3836e0e5b01.jpg,15
3e1149d59d4e4a8f9062644325820ac3.jpg,15
8a6eed852c7741c3b38ae6e8869ccf73.jpg,15
28d7be2d5d7b42d8bb82b33c2111fba1.png,16
c3eee241bb1b49cd82d67159ebba8e62.jpg,16
d5f8f6d320a04fc48a493f1fc10b1993.png,16
8d1106c7542b41209c3b91a8259f8d5f.jpg,16
a094de8fe7d84c60a852800e219d759f.png,17
51ed0e0780484afebd1bb4b75e1432dd.jpg,17
5cb53334763c40648b505becef037474.jpg,17
de96dfb9704646adbb955d1c1d8322af.jpg,17
dc8fe662e47c4b1a82dbfcf58289e4e8.jpg,17
40eb27710a0b48949771883129627917.jpg,17
e498dfdae2a748f0b2ab480da6809adc.jpg,17
50b0cc1e4d224daaae447cba70dbc497.jpg,17
621edb1252404283b01366e67f6da526.jpg,17
a14e25971f72406ea8fbc79c6fd26a65.png,17
683c0463f2eb4fb3bc95df85ededf444.jpg,17
e135d02d044144e199f3f70e2afb769a.jpg,17
c97546f4cb894d8dbabc58d7c78a81c1.jpg,17
44eaf5fd8b4a45d8a290a61c99f45ec1.jpg,17
33752f22ccf343d5a6b30c0af14f42c0.jpg,17
15794d07ee5e48aea5d0757ca9824c4a.jpg,17
f7ac1df718bb40c2b660e61794197900.jpg,18
9df06933aaa043a1a0df7bbf5610e3c4.jpg,18
ba278c14157e41be9cb8cdd0042b2ac9.jpg,18
907efa77b2f741d7ad1f631bb246bfc9.jpg,18
613e8524f7914f02a8ad5dbbb9794120.jpg,18
9d19c37f3fc54b47b4fafe9d5cc61190.jpg,18
bbfb63dc6a214f62802aef1ee0ce7acd.jpg,18
b544693bb56d447fb2a0c44c37b9c834.jpg,18
d49642ee60a041b4b87f7cb9e0ded59a.jpg,18
98cac71d258d4ad2a25c1f903bcc8ecc.png,18
0893d1616dc344ad9560bf7a5c6fb4fd.jpg,18
eef9fa38ad0e45f782bbba5d2fa97476.jpg,18
007433a27a20407f8dd892b313c128ed.jpg,18
7894f24af4be49d3a19e8bf1a1fbd9c0.jpg,18
c844c88019c542ada509202e93c15467.png,18
08d1304361a741d4b0c20c183e2c8d04.png,18
acb18ef866ec4489b97df089a6cbaefa.jpg,18
f94dadcac3f044dba50126d4777bf339.jpg,18
21c10da81e62403a894bdfd59d2c8d0d.png,18
3b3c370ff6e0415da570a7f6dc97d4fa.jpg,18
e80d9287dc3c4529a69957e68437197e.jpg,18
96247a31387f4bef8e84fc9aa1e0aef1.jpg,18
f6f7e5b99d0e469fae44d52aa1cd54d3.jpg,18
e6ff9ed1603444158c783a888674e962.png,18
82a592857f7d417fb3c54c819d22f1b0.jpg,18
b29363c360504a33b9053a0012f9d7be.jpg,18
df51e874c164448b85866e02bfaf16a3.jpg,18
8c6911890c2b43d88856f130b31900b4.jpg,18
a07c3d44515144e6a388caf2bf69681f.jpg,18
523fd39fbdf94f0fa9f0f5d34496e72f.jpg,18
4f85f1ed82334416982889135c72a247.jpg,18
bd73a54da9704a32aa91a4283d267e0c.png,18
fb5ec70a17a14c67ac8e5b768ed8accb.jpg,18
5250ee8c9e6d4b7d8ae4d205017fac68.png,18
1cd4880f02614047b5ad8f75ebcb37e0.jpg,18
41ba02fe862349a986dfa0e88cdf06bd.jpg,18
672e5e0dfa9942ecb9db80f841a3c6c7.jpg,18
a8f7587a9e3a447eb5fdf5198f07dec0.jpg,18
d6ece4ef4fd548489cf5e6911f509c62.jpg,18
0893059625cb4417b02b75c692174da8.jpg,18
7b84e33c78b245b0bcbc49d48330a166.jpg,18;25
827bc71c9f7d40d69e2249672522e0f3.jpg,18
8b3fd9dfd5ca4caca3da6b3304b4c768.jpg,18;25
dc19e2823371477c9e02d4a8ee9b9e30.jpg,18
30074b75cae241e69c3a07c7bdbc2c0a.jpg,18
44dc0ce7d87840a691eea4e0416c1158.jpg,18
e458f78b4fe84dcf9cb8ffd3bd7c8b6f.jpg,18
e8b34d5570cf4703a2419613f6302fdb.jpg,18
d5066732ce9747d387d67110ec311477.jpg,18
934d3af4c2d647ce988b0be2aebb03d4.jpg,18
16b5a36c1d3f4059bd5a1b75db9478ba.jpg,18
47974ed7a91547ff82d1837845ed63a3.jpg,18
3277ebd412584b06b4f465ce48735e1a.jpg,18
8d7f6845ed804fac92f57571c2fb890f.jpg,18
ea0eca28fd294ce381d931d5ce311dd5.jpg,18
731bc9b53d8a4fb191315cc0ff0e9e5f.jpg,18
c75de1346c6640379728480c7f66e277.jpg,18
68f9ff897f654eebbeb70c04afcfe9ae.jpg,18
ce4e69e9488a4ee399b960b716807eda.jpg,18
07c90108cb7745c28f20b1443008e35b.jpg,18
48c7ce333b4b4912bc3e76f5d42a6331.jpg,18
a2564e0943b5498fbb3d0d0f1e7a7a23.jpg,18
92d27fdbd19e4b5390fd43dcbb754cd3.jpg,18
d77e9daf4b394a0c99adcf11b67928e3.jpg,18
ead90462dc4a46a296d5974accc83f98.jpg,18
2ce00c175c5d46e5a4a78e86a14e532a.jpg,18
adf9b4069f2e4b73adc26e272d31c714.jpg,18
5fa45d4f61aa416e9dae0c25bea969b0.jpg,18
30cbcb7df07b47a89c9afeedca4d45d9.jpg,18
43cef69c84474130833e55d5435c0261.jpg,18
eea13da148ea4667a3898078cadfafd8.jpg,18
3a5b440b2d434f899f079bce3545d72f.jpg,18
50c9dd04654a4cfe916948f06c2fc80b.jpg,18
c23e68e890ae460ea4fe264308d49fab.jpg,18
eff1d9196a48453bb311d5e57a132445.jpg,18
ae956f541fa74256836af87a2d7a5558.jpg,18
7232dc7f775c4c34bcfca0efab4d2ea2.jpg,18
86f827585b3548a18c707eafc22777d6.jpg,18
419e2cb7e7c64659a9d035b228349f9b.jpg,18
242aa7901c8741f5bbe0b37087e7f20b.jpg,18
107a3a0024324bdb80c0bcd77b01d6c5.jpg,18
58c5d0927c24438988115328348401f3.jpg,18
4a6e5b5fef5a458ba92c4f617cf92285.jpg,18
9f9fd26b391a428e937684b2b70adecf.png,18
603f806f90de433f92b796786af167df.jpg,18
f7684741d6e94b9e8bcdf29b8bdb113c.jpg,18
675c6eba409a47e4bf11842376ed7f1b.jpg,18
6e17e3049cd84604b7a627bab42a0be4.jpg,18
ba914f9c496f49d4912ed7e35acec8dd.jpg,18
fb86d1195adb479f91c61bfc1c065f40.jpg,18
9a915a1ed7424b6192396acf254f8605.png,18
c39796e7e6de4d438ea2bd8ab6bb6ee2.png,18
43292f7bf48649fca6a5b479dfc84331.jpg,18
e4b015a3619a42e38ef0cd40fc0b8d00.jpg,18
a085699fa7cf43ab87d845a1cdd5b89a.jpg,18
8d74c02182034e7fb94e24ad9fcfb7ef.jpg,18
b7fa9bc92f87421ba2aa7bf913af79f1.jpg,18
cee3dae177484b29856553bc4b228205.jpg,18
d6beb48a8ecf4b8c8e59005e73010069.jpg,18
80bf05f0cbe948a3926bfd1f7303cc57.jpg,18
8acf1776c3a64566a9ee7f58a08be928.png,18
68e28513cbf64b79b37d103959717307.jpg,18
6fc3f5a8431547de8884243eaa105d14.jpg,18
68fe197155c246ef9ab460e3e70184bc.jpg,19
a39e39cc1ed5448a83a02f6d539c4023.jpg,19
10e0324a462e450390b8ef481eaeee43.jpg,19
855a6d46993043f0bd9c7172d76c47bf.jpg,19
9ec6cb451023498fa7ab05391a6357b0.jpg,19
f06261bec6484c27abd602548c3e43c9.jpg,19
bbafaafcb0b147d4ab1ced7c49419e39.jpg,19
532bc215c1a04c4e981584a1bca95702.jpg,19
be6ba5a9f80f41daa8e8d6497dd56a97.jpg,19
1aef58933bc3477b83e86e191628e80b.jpg,19
68693351e387447199ab068044e71935.jpg,19
01faaca918664fc185d3ec27219d7a0d.jpg,19
ce6e2fd274634bb28ca1a2334ee2736f.jpg,19
9f0482805aea4335b2fe4c7adfe9a575.png,19
83676dd6e2b64a99b2641e6baaee29e4.png,19
16c424d3caa64fa8a4d6b82567a9252e.jpg,19
24f6c5826c9044dbac0f2fc92f19270c.jpg,19
93b028c5198f4fd9b59aae1bad125350.jpg,19
d2a4d934f10841a283cf1637a3c02833.jpg,19
2cb3249b98c04095988cf686c1acf8ad.jpg,19
55132ffa87b348069ff2d13c18902b59.jpg,19
7fb7d863cbff476f8b2ea13676319be2.jpg,19
3fd42071f7884487a4a3b713d66a2718.jpg,19
71b04ae9ddf645068a9e90485c12271a.jpg,19
2c8ef1cf184d41ae86b49b23bb852b1c.jpg,19
4d57296720e44e1aa12173838d1b0afa.jpg,19
8ee9f23674af4bbaab0fcb2da50225d5.jpg,19
811ca52816fe43efac28535bd2f8659e.jpg,19
2bcee7cffdfc4aeea17d25581b3c524d.jpg,19
3dabf1d9a22c4ee4a9308a58105a92f1.jpg,19
631e5fc58dc1459fb26777786ba2b3fe.jpg,19
36aab1d9e7b94e2fab273e99c1ee6788.jpg,19
c35ab4baee594287b1f4ae4d5a2e69ec.jpg,19
36381a994f704f6499c406972c5560a3.jpg,19
5cd4e4ac455747fa99ae6f209591b182.jpg,19
063cd71366a34ad8a0a024dc3253766d.jpg,19
831d8c49948c48659c36caed092a95be.jpg,19
c875a34822094d56ba35a52af3cbce17.jpg,19
6cb1d7d380b241a6bec47551e80fda1c.jpg,19
0a664bef32a74a9baf45e6439e6fd2f6.jpg,19
a47c90902dcd48b8a3b9bff848395d67.jpg,19
9c564fd02a4244e9a5b85ef27ac66206.jpg,19
801d5ff582fe4a438e6f6e250f4b8de4.jpg,19
9fc7a6092aef4df4870ef418ec7eac59.jpg,19
47c4c54b27f94ba3871817260dbf8fff.jpg,19
034f01f5db9141b285c847a3e255678c.jpg,19
4371e0165b714703aff72a39a87e3882.png,19
cb6ef3b290c240908061347617db8026.jpg,19
ec2d82b1215e4414b1a09d51917192e4.jpg,19
983bf2b8b127499991cba1a92058837a.jpg,19
258a5c1e2b5742169f7131d31be6c439.jpg,19
6c8ce3e70098469096b6512c3d90210a.png,19
d1d538d940544b63aa933ec28e9cbc01.jpg,19
83ef946ae49742549e6cb3478550c7cb.jpg,19
5492e5c21d074340bc86c5cda2ba450d.jpg,19
5e6c9300ded546308e7d99c88367f885.jpg,19
8ec1b4985ecc4299917c4a602f9dc92c.jpg,19
fc34cd7aaaf748cca081cc7faa7b854e.jpg,19
391c2dfae2cb44f3ba7ad27def26bb8d.jpg,19
06a253223b4142c792b1ce2013fd9c62.jpg,19
d119d00dd1cf43c3bad9cd982955b73a.jpg,19
202e359a12444955be36257a52ac1d32.jpg,19
3f8aa08d293d407181603dde95e5cdaf.jpg,19
49e7c20c3812449a96a5fcc9508daf53.jpg,19
bada8bec998e4c039d83a1275fe09f92.jpg,19
b81830dd9c3a4fb5a0c1282292d718a6.jpg,19
3cf39083566e4893b5a30598719b341c.png,20
a208a605d87c4567a2619a8f696310bf.jpg,20
f802c33af88f4d4691dbd23984b0bc20.jpg,20
1d33e3e6aae44e82959cba529d651f4b.jpg,20
1fee72026e954949b8463f1372df2960.jpg,20
882a5ac9fe054e41bb22bd367cb5f8d5.png,20
291161c536ca47faad05c4ac4ff044f2.jpg,20
c7b65d28fc314020b4beeb1219f54911.png,20
e3cb772de1f942d8af3914c3510709d1.jpg,20
039475a384d84f6dac3bef5c1443713a.png,20
9191781020664db5a4aa3f771ae61cac.jpg,20
411df863f4394d288ae5b10ee9ea5019.jpg,20
cf0806ea61d4418b8f826d7d31506fca.jpg,20
7627abd82d2f42f48012e5e9c9e714f3.jpg,20
33b1ec62e14442078f8cc74a10ac225a.jpg,20
691ed601a15b446bba24146a3a6cb671.jpg,20
4fb54e31606c4efdbcf8f76630c70103.jpg,20
483d6bd12fea4ed18a8fa593d5b691fa.jpg,20
95ab47627e5948b3b6134355df2b8dcc.jpg,20
18873d1b01fc408588f5ce609ec8ee6a.jpg,20
909a84cfaff847e281379a9a7f3b376f.jpg,20
13b3d47a9c35453c9fa98b6245fcccc7.jpg,20
2988878f19704139b71869f4f1c1b712.png,20
aed9b3394a0e464594e86aca27fbb2f1.jpg,20
754f27ec60ac48989e6791d470ae9226.jpg,20
ff069c229e964d72a7948433fb1ce1e9.jpg,20
8c7364f40d6f4b8b930a53c2bfbd6000.jpg,20
1e364d5ef7154b09a2492ab92805c4a0.jpg,20
ef6a8c143915415b9d0c1c56d10ec3d2.jpg,20
00adefb1e794425cad6d173436f3fa9d.jpg,20
eb993d88554a4bbe91fce869f5506ce0.jpg,20
9bff7970848f418280984b9b771f3e67.jpg,20
a7fbde752b614b719b7c0ac7c0943a19.jpg,20
a90fe913708f44a9b494932bc26d88a7.jpg,20
605ca8b405b4403ea341a4892f5fb216.jpg,20
e750d9a9a93d4e71b0b6636e7d163f33.jpg,20
0aef2cdc06634dcf9fe44657104c2cf5.jpg,20
4714aa09b2734dc78fbf85e5d79ec11a.png,20
1f224d9222984ca9971adae9d9c10fc4.jpg,20
653386a816d84a9cafc29938c50e678e.jpg,20
afd7b4b4141c4c629d42c933a1a0c370.jpg,20
4b157a54d8264c4c9a22c3cb8d975283.jpg,20
9281cb0144c04a44bcd84c78feef4bb9.png,20
38f395049cfc46608563b8407fada8c7.jpg,20
071ba28811fd4f1f8b44b73d5b5efebc.jpg,20
401f3f3e5fb649e0b168b843642c1222.jpg,20
1457f6b0584c4637b51e7bd4fbe9df0a.jpg,20
03e7c80e29e24b00bb5669b7bdc4754a.jpg,20
06a7afeeb0dd4a9a9d1061ea3d874049.jpg,20;27
f4f7eab597ec4ecd901c975c92f894f0.jpg,20
380c0af6304e4252ae2af68bbe7ca5d9.png,20
26d9a23f188049a092160aad6e025956.jpg,20
e7fd4dd33d474d94a83b5ee678575a45.jpg,20
c72b7f160600414e864f441b942d8574.png,20
f1aec89f295645f088eaad3c0e840884.png,20
409d0921e0a8494e92a29fe6620ae9a4.png,20
412ff12a3833490cabd02c917dd050c1.jpg,20
35a48b3d2d834603855f3c5135fcfacc.jpg,20
b1a31dc70a9043efb42a7b578858d7cb.jpg,20
6647ca0ad33a43a0b7f9363c4aef9e25.jpg,20
8bf20e20f55447e2be2a06e9cdd50e92.jpg,20
97ea43aced474c2595bcea604d242afc.png,20
0adec951f5f248a1b79babf4d3345b8c.jpg,20
bca55676df8a458b860891f2d740f4a1.jpg,20
8c59e78b37854244bbe92cb1c187a009.jpg,20
3b1456dc79ec4191bb4462316b4e5a38.jpg,20
7dd89496ad7e4a5692e1f8c50ff9e55b.jpg,20
7b369e194c974e1f96df5576eedfb057.jpg,20
797b3e5d0f544284b8702134b92c305e.jpg,20
4428d4665b114e6aa68acf3832a93d9c.jpg,20
4044cb97d3154929bfaed69af68ca496.jpg,20
13e2f70bd8d94d13b081191e354e1e67.jpg,20
14d17cabf82d4c6bbc80e4e1e1aac6bb.jpg,20
aa6ae26cb99c4334a5bb8487f553ce88.jpg,20
7d58906a8706465abc454871ceb4b4aa.jpg,20
d731c88705ee431da52be5664ba4070e.jpg,20
2903e0d663924680b8d15fda44563762.jpg,20
afb5cc432abc42119e00ca65ebeff6dd.png,20
a2e0407723f243cabd560d3d6aa0103e.jpg,20
f8d603e9277644abbac69be6be8ff6dc.jpg,20
ace666a4b21e4ac9b7368fbcc1dcddf4.jpg,20
f52d550b827740b9ab98995c61f3443a.jpg,20
bea5d45782a3446d8440bd35051d5491.jpg,20
f4b1de9b0963499ebce102978cf5bb5c.jpg,20
0060ff0f9e88461792f4ccc21a617129.jpg,20
7f3988fba77a4939a3bb1d79a9024f2e.png,21
2cb7a4a1668346c6a99a1136cac97d40.jpg,21
5f0d02527d3145bebf92802df250ce0a.png,21
d77198576dbd4ab1b5ad1aa456b366e1.jpg,21
a0b641a6bf5642f89c756c9afd42aa4b.jpg,21
6c4dcf20f2934f07a1a4c79ffc23b303.png,21
91f72ea49cf148d4a1cd6f04a84467a7.jpg,21
704c403c8a1a48b9a3e7d0ba6553cc6f.png,21
54abe885d907408a925722e07ecc44f7.jpg,21
7aa3001500134c67867add35152d1067.png,21
8fc36aca71894d6f9b5f613ab5dfbdc4.png,21
77503466724940f3b9d46260bac747a5.jpg,21
1a590b42fa744062b9da438d6761088c.png,21
1c27ef0c5a2542c38d185477702ecfc8.jpg,21
1d5b7849e829400db9c57f602460808c.jpg,21
652a1e58a05041d7b99a0a3df73586ca.png,21
610f9eab780e4517a09446746dea1e9c.jpg,21
d4cece546eaa4e0fad503fa93fbfba92.png,21
728ce74c4feb43368546c7e4d6318312.jpg,21
6a97d57c87404d7e9b9d499cf1cc5a87.png,21
fa30c19953314730896ff8c26a775552.jpg,21
4292bb4335ae4c47a52decdc350a0ffb.png,21
ba79ec20935b4394ae91d7555a39a379.png,21
2ca8c7b27d8f4e5bac759a74f68c16c7.jpg,21
7677bfec0e6a450095640a333cf79e33.jpg,21
a4b80bc4f2c645279cfa1c4b1445587e.jpg,22
756196dc9d7949f98b34faf7cf60e75a.jpg,22
025ac213ce354d2a97227ab9a649d2f1.png,22
1844288ded414745b065a0cda09912db.jpg,22
42c8564c30c44b14bd2755e258749a1b.png,22
1cc93be2fdae4b2fa320219ae4b5f31b.jpg,22
69d896d668b144d2bc7ac15796ae6b25.jpg,22
d66a51001b134c46b61b0fa3b9ae9d9f.jpg,22
3d9d138abfa74b68910e669727e3dcc6.jpg,22
7ba835d8453a493bb338a69da11c877a.png,23
47e049d624e042c5883de9fb2f66512d.png,23
c0fdd6e03be3435f8bb2c26fc176a29a.png,23
746e0e4a6a164b518208bec148bb6208.png,24
ab2aa66a21954187875f99e4a3f967fa.png,24
671b07cdd9624d5388b50fe941811f27.png,24
88624d9f7325483b8247780ad2007b6b.png,24
1d55a4a66dca49eebd8b30c389d8128f.png,24
dd2162534745456d9ec1bbab909c7b88.jpg,24
58b30fb465234cf781e7258b4b5b56d9.png,25
80b5aa8fab74429a937a804a78c9a2bd.jpg,25
ccee3476354d402984a5f5c791ca4928.jpg,25
5a1c4a47b8fb4427a8182d8f6f7c3c3f.jpg,25
dc6279b7c1a54278b3a7f650c6769f41.jpg,25
31ef479533104f6eb8863f7a52abe15f.jpg,25
8637c89d6b90446a94815da0834b10e1.jpg,25
609a733667da4e859cab4b043004f8c5.jpg,25
ac617357dd5b47eb90ec9e5b38f5f2dd.jpg,25
3c5bb59047f64767b92f3a695b240ee7.jpg,25
44c553d0a694426ca727fc47c674d9d7.jpg,25
588ab3a3f6cf46dca4175b2ef43b2807.jpg,25
00af4b86bf8542b9a9b71c7e1d625c27.jpg,25
8c2913815f964b0089eadc032e09f425.jpg,25
0d819c3221f446b1aa8ed5bc08f6737d.png,25
51b542e6869c4cb49ac2197c7a9fa68c.jpg,25
343a1a1130d54e779241fa8605b0de43.jpg,25
1237b7b4ca484cef8ae0417f64bd13b8.jpg,25
07381b78adad451195c8a77ea5a4c92e.jpg,25
c78117807b5f4a05a4537014d7ad7bde.png,25
762c4f7d07694c15a4ee97ee6ee04b1c.jpg,25
2d82fdefc8e748bb8232a5d2e76dba54.jpg,25
ba84d1f1f9d54d46b4bc84becc716ed5.jpg,25
3960855c640a48cc826abd7653106b16.png,25
7e5f9ed0fcd040b8a2d824d9c6b93ef8.jpg,25
7defca04100842d39dc4acb4f1588925.jpg,25
631071c47bd44d62be61fe07716ca8c1.jpg,25
592d702e28dd4262bee04e93d7dc683a.jpg,25
954c54dca4804573b993d167576542f9.jpg,25
4de99d4051f648d8af43df5d3b71d7d0.jpg,25
e78baa1279f745c3bc781ba3ae7d496c.jpg,25
4134d8feca644db1ae21d7643f7ff547.jpg,25
520a94c791054c1abac158242da3887e.jpg,25
07fe1d226b1a46a79c196251b446d2ce.jpg,25
848086b9cba5433f918247d7021c615c.jpg,25
c9611f6df74648458bc14cfb5f9c1d80.png,25
64e772a7538b430a87dfa4f2243c7cbb.jpg,25
956de0860d144fcca24c33e6fbd23c8b.jpg,25
4c26843626734335a0f17faf3b66d5c1.png,25
4d80a23084c94ae9929ae7e21720ce18.jpg,25
805fadd4bbd749c0a5b627a000994805.jpg,25
34b77898f4324c37b75548975211cabc.jpg,25
f5bb48213e5248ec98455f75882309ff.jpg,25
32f708f8d90a4a2e99107a81011b1182.jpg,25
a2243dae841b41139e54546bb3c230d6.jpg,25
fa7934d3d85546d9976838d3a7de8244.png,25
42bb3d02de5243f4b91c6dce2772c59f.png,25
ba338abc24d84b099dfe4b5e46fa55f1.jpg,25
ee1b9fef309949b5b9f6e0c233576dac.jpg,25
7aa24e53bf7241acac0862416c42122b.png,25
81eb0ce021994c12a4137baf752c4fed.jpg,25
4dfc9056bfe041358c62f5a3f52b2a12.jpg,25
b9a080e9377d4d6e9b0649d882d3b35c.jpg,25
f1e8451c5a5a44b0b39061805ee52f2e.jpg,25
9c34f4b314e84334bfa2fa880cebdd06.jpg,25
266b892d0f4f447a9f07b86b57732d7d.png,25
ffe6722c01ea47d2877091df844df289.jpg,25
eb164c51abb244a0ba7c53d896009a9b.jpg,25
858cdf83ff6a4f2287a8650c280ca989.png,25
870bba61d3da46e4b9dfc9ef54633422.jpg,25
6f58ec394ed44bf2881fe11ce1be1541.jpg,25
75af3c71c85a4075854ffbcd597e7a9e.jpg,25
aa8d5de5c4d1441cac10d14bef2c907a.jpg,25
ca78162771fb4a7eacd3764cd7a540d4.jpg,25
0ae2e79cdd4f4da28dd5858f4cddd466.jpg,25
24c409cda8a04c7ea4fa306be6690676.jpg,25
6ecf22cb7e1c4ed08205a92e3ad82a2a.jpg,25
62fb8776e6674953b0ee52f75ecaa238.jpg,25
f69baf52d12a40beaf82324ff2faabd5.jpg,25
f60cefad78a34b19883d66900772b2b0.jpg,25
2eb1d0128b2d46b381cfa13c8aa147a4.jpg,25
ab25cd0584014bbcbc742dc9e24b3541.jpg,25
1ea2395e49174070b567e1b6c884d5ac.jpg,25
c4b0eb149e964c129dd587e0e30fc4ad.jpg,25
af59a7be192d45219dee867da3d23aeb.jpg,25
902a05d64f4d477f8c88e3d5f7501e7e.jpg,25
a52558eef78c404096677f1e80af9bcf.jpg,25
4fed1f912a20486eaf9af2c91e9b3231.jpg,25
088ffeba5e3e4c13996b7d23bc9a926b.png,25
6967706fb6a94babb8eee5a2d7134c6b.jpg,25
37198b5c01604ec7a0290d008bfb680a.jpg,25
eeda5134b37f484b8f4725e604c2dc58.jpg,25
678a287454894265a752821490b9c7e7.jpg,25
ce82a58eb3a3443484b17cc2a548d3b0.jpg,25
3ff6ff5f634d46febc29344f00dece03.jpg,25
3b264fa1497b463cbd48062b8edb7607.jpg,25
a641c717374b42a3809e45b17ae4bdb3.jpg,25
dd1b028471a640089fa238d153c2c65d.jpg,25
9776ec5b8049482f9b312dce75684d4b.jpg,25
a6b81d89d830419dae3c836d6531e1e7.jpg,25
6385ddaa8918484a91845ae78bfcef97.jpg,25
1669e0cd106d4620aa296771c6eb38dd.jpg,25
679c189d0da647a5a086b2abf6a9fc8c.jpg,25
e0d43c7c263d401db6d4c96d80b6f55e.jpg,25
86d06240a699472ca3f81a43a894308c.jpg,25
d6281bccc9964774b3e531fcfe00d0e0.jpg,25
a0c030299c1c4ca48072f145cf38df8a.jpg,25
3457a24d59d2427db8c2b634fe58f287.jpg,25
0c4afcf8bbb247bda9944528253927ba.jpg,25
090f83bced694e478cb89141136811ea.jpg,25
3e6441491d4948dd81176468b4442d6f.jpg,25
b33f3ec5b1c04275925779a4c9206084.jpg,25
05170b7ac8d2428fb60479ef0c907b44.jpg,25
2fee9f474a3a4731aad253d1bb80efc2.jpg,25
d988cc8f2adb4ac08ab7e0b5ddc32827.jpg,25
94ef28923f6b4109ad16ccaf692dbb12.jpg,25
588750e6b34d4015ac084339fa58102a.jpg,25
cbb246add77d4d1a808a928ed7fd79eb.jpg,25
40458f65b5224f2d8a0d15754c2dd776.png,25
2ed670ba2b2c49099b8ac7f4f1876ef0.jpg,25
2eae81e4dc1e43ada7b54b038bd5be6c.jpg,25
e17420da4eb549d58584f2c0b8bfe620.jpg,25
1f75efea800b42f0817d8b330af4aa87.jpg,25
04d28a3de31c40b084d69b6f36ea0565.jpg,25
10cf43bc1c614fc29d163a962afa607e.jpg,25
5e8e84d5fb904399afbbb19c8a1d6616.jpg,25
6d37172db3884f9594d309030bd8ba53.jpg,25
fcf577cfb3a94d0f99f72da0d148ed62.jpg,25
45e25bcf69b044ac8421d8ec2a569704.jpg,25
50545a0b24b347cc9b6f47bb23bbd548.jpg,25
33d3b92689594ef391716f323a283349.jpg,25
20533057039e44ee98c6b5168c4e0da4.png,25
1af1cccd403d4fe288aa242adeaf204b.jpg,25
0a9a5d08308c4847b203d82a919b3dea.jpg,25
cd8320aed2204d9b945fc7de5f1dfb5c.jpg,25
6a1ab6070a404da1aba29f696c6243d5.jpg,25
b67f2a3925fa400fae472d85eb48ea56.jpg,25
80adea5260ef4d6ea19d8106093947d5.jpg,25
c1c6fb234aa44c2083c4ee877eed972f.jpg,25
7a223289cc70464cb5bb573263972b4b.jpg,25
34e3f33f0190444dadbfefdefd1fcd86.jpg,25
522a0dc52f79451cbe743ea64c9d5a83.png,25
a8f028febf8b468c86ac54f299c3656f.jpg,25
bad9ca9d4d7149459df4bf9d924d5970.jpg,25
b5967393aa32423ca2e76405b04a5cfa.png,25
f2cf7abdd0144eaeaa24dd90bccb5d72.jpg,25
b3092e3d5f9248f4855cc65b6927d594.jpg,25
47aa70555b4340d29d579d359e0b4b65.jpg,25
9819eaefe3384d5390807e021477b42c.jpg,25
1a02f9b9cfbd4ef9b0a3d617a5f2f580.jpg,25
46af19da742b494ebea042481091270f.jpg,25
56370a8ee34c44af8a7ed9635e467666.jpg,25
7a2d8428949c4dd19c38d2c5e4aac9eb.png,25
a3d1268ffc314cecbaaf47aa7d9ed2ac.jpg,25
f22db99a473045e7b83627a672d3dbee.png,25
e99dba162c814e4697098b3f5e648ece.jpg,25
e77b3afae0ea47959843b6c076c58b3e.jpg,25
b961421401854ac09eaee33dc92cf0fc.png,25
bb0dd94708874276a33a3d162f6fffb1.jpg,25
f5d74289d9b44bfa9323cd72d031b77f.png,25
84f757c5cacb4bc38d8918aae2a7e0f0.jpg,25
cd62a55b4a76466e85b1a86c3ae3dfc5.jpg,25
d7fd35a891a442c89d28d6e4264397c5.jpg,25
6f58d2b669214f8da41339c984b99dfb.jpg,25
079be0ea66374b648e9b972f497cac32.png,25
271bc26c59724af2be1a3ab0d5fdc335.jpg,25
031a1cc84e10488d904bd5f2cf17e733.jpg,25
f190425d3c4d47d6a2c2d0918cf7855f.jpg,25
5870e526702241148822cf7c4c3b3ae4.jpg,25
bc3aee208b674b699fe417b0b626b0f6.jpg,25
032e5b6c0a4142c5a3e641058b37be7d.jpg,25
ae59b00860bf42669c2e135a61cd35d5.jpg,25
9ca69ea9c9b54d8e80c71a182a04bbcf.jpg,26
02b2dcfe0a824151b0c2c4c3853ddd51.jpg,26
9687b0b6ffc648fcb267b305d0e2d7a5.jpg,26
4ec601996a8d4fb987f9dfb6218dec99.jpg,27
257109b2191f400aae72d232c9f258d9.jpg,27
93314c9803364f7a8c5925117caada3b.png,27
c6deec3367bf47d6b5b2ab26021919d5.jpg,27
d3319840482d4bffa6f715f012955460.jpg,27
41166061270b46c7bd6c874dded3f518.jpg,27
1237b25e14c94defb3f34989b390d223.jpg,27
d7033b1f0f8a4ae4b439cae5f1723eb6.jpg,27
49f7679092234d2aa7bd6c9d82e2db5a.jpg,27
069a471c87f9450881c24c1d16360ae7.jpg,27
497b1aad0cc84aba9ba52f66493944e5.jpg,27
e4ae5e306fdb4e62906ef60309e820d3.jpg,27
c42c5573a201483f851809fedef72874.jpg,27
f51231a85a4c4ba99aa4879f0a4f86d0.jpg,27
e2b1b536f70347c680a412b337fb1b78.jpg,27
9d90f6a6ba5541799f3d0ea2cedf6cbc.jpg,27
b4da04e576f24fbbae9e7c1ab690f2c3.jpg,27
0a380b2875a94da0aa3f3519dfe3a05c.png,27
3169910939ec46b4ac9dc22b54c60a4d.jpg,27
4903afc437c5468d962fb9c47f970bb3.jpg,27
11b37b5bd54c44f3aa90217a144ecee9.jpg,27
b0200dd306c24cb5bf2df0b8d490205d.jpg,27
3c5ce443fa6641c49be1812c7642c65c.jpg,27
175174eb5b7e45f08fcaa5f0fc7bfc51.jpg,27
4fc69827af3e488d94c81b21316fc6ea.png,27
4c69eeeb476f4be3ac77b636ef7a0bb4.jpg,27
ab9ee2e86a42443593c5884f21aba4a9.jpg,27
ec69dd85b8fc40d988063d7e8d6676be.jpg,27
1381bf5539ae43e58ef85f8fd66e648c.jpg,27
e4c25d106d1d4ab6b886c1baa92ff2c4.jpg,27
bf6edac6565d4d8eadddf4b12faa735d.png,27
e2f75349202946a4ad0f4d2d54c5ecb7.jpg,27
150a108de01f45b8a9afcd641bbe8b96.jpg,27
6ae23cf2a2374c1e827f76764d53e259.jpg,27
cdb34ec9110c48b499f3b1a8b96dae4a.jpg,27
433ca89568f840268b4b017afa018617.png,27
9b400bcf93404f0899d9911da17abfce.jpg,27
2c54951643ef41cb9d95b8c86bd70fe3.png,27
0956ad25c90c425a99064d0c5c3dd6b4.png,27
b4fc7a62048f4490abbb87142171f62a.jpg,27
a1a7c451665948d7866fe217219d7a91.jpg,27
ef50aa7e39bd4e85aff63cbb9a0c5a31.png,27
df07547b8ccd4104b0041e14cfa698c3.jpg,27
9809f78c632f478591f9f80b12a110b5.png,27
64589dde59964ab397d9073af89f9f1f.jpg,27
272815ade72143fb8f495f4464f41f0a.png,27
bd3df013d73041dfa85ba41690887f75.png,27
53beba23f66f4f38b3f1ae91240712ff.jpg,27
4c9e66cf4bd9479bb59d183358772c42.jpg,27
f5e39e968e18439b8711efb32c893798.jpg,27
73f496ab058247e2a6d53a88310d5d2b.png,27
ee19868dfa09411396bcb85d0df35a18.png,27
9ce0d53c401e40e28b5f59913c94dc6c.jpg,27
f82ac4baa8d64c82b85710cda2b8e280.jpg,27
74841680be1e4583ba85116112134e45.png,28
cae6f2ad2c5d435580f85af5ce2d588d.png,28
795d6dbcb895410bb67250db3e8a9f80.jpg,28
37acd2d4389d4e36aa661751f51b95c2.png,28
f32ff4f8bb3c4813ab456eac75452480.jpg,28
0654f9e9ebdf40f1afec1932591760eb.png,28
15d1b504a98b4030bab91314f07034fb.jpg,28
c9c09cbcf40b46819a3b7619ab14c461.png,28
da9ad9aae67847c899b032dc20464107.jpg,28
71553860c38047678ef5a862a255fcbb.jpg,28
3036f808533b4894876fd0a34be89589.jpg,28
fb5246d7b8dd48209f1d39aa7eb704c6.jpg,28
c9d62e94348d4724ae9b16c159de957c.jpg,28
74f02a7833c44e81bb0ce48dcab2e2b4.jpg,28
67601e9e67524219a6269f84a526333d.jpg,28
2218dba97e194ba1ad6e6521277a2a5c.jpg,28
693c49c1901d4d38a852f1c712263b65.jpg,28
988887733e0a4183a871af0ca9f469d0.png,28
09023124afa445a7923c8536d451d766.jpg,28
82fd15bddc124c0a983ab3b8b331c22e.jpg,28
c96e1f62b6d74de2b3fdb08d0b66b503.png,28
4e9bdb66be5f4489ae4fc85696b6449f.jpg,28
b9994f7b56c644d9bf002b7f7763f346.jpg,28
41a6371cd60a4a1899c88c438d466f40.jpg,28
83b5c54fc0ec426a91dd0fc914f93e7a.jpg,28
b15515556f7d4a32a4c14b58550ab6ba.png,28
fe65dcbbedec48aea631e31aa10d2584.jpg,28
98ca4efe03194f06b2accc974be8ef88.png,28
722d08081c374eb5a135f7be86dc137e.png,28
d395c1ffac8d4fde8c99a6e299086fe0.jpg,28
3db5f38602f6466390a72e759f0e5b76.png,28
90a2c9ba72c74b498aede64d892ee064.jpg,28
0c9381e9c5174f2fa850e568a20f0880.png,28
c229b6b75eb3492486cc4e7632c5616b.jpg,28
5938a4b8aff947058c484f1845ed5b69.jpg,28
c75441bbce7c4d6c8eba99e9ece09902.jpg,28
1a95254e3099410d970074f86c2fc369.jpg,28
aee83ec5b499450485e5744af376193e.png,28
4d45ddc409374491b0ff38428c8248e9.jpg,28
2d548fba0b06417baff7c94fb8bc579a.jpg,28
a4dd9877678541c3ab4e9dc25eb5377d.jpg,28
6ffb67e2e0654aaeb4331e2b19a7ac72.jpg,28
e1bda34750c944bb8eeace1516f30721.jpg,28
3b6df4f83e6641dcae9096c213855baf.jpg,28
068c390e58654b9db34d114f76f0d79e.png,28
eef78a8c061c4ba5bcba7f379d122f8b.jpg,29
